{"start_comp": [0.0, 0.0, 0.0, 0.20112186670303345, 0.0, 0.0, 0.180280864238739, 0.0, 0.058070436120033264, 0.06428983062505722, 0.0, 0.0, 0.0, 0.0, 0.06899341195821762, 0.0, 0.06850125640630722, 0.3587423264980316], "start_uts": 0.42945772409439087, "start_w_content": 0.3587423264980316, "end_w_content": 0.18165071308612823}